epoch,time,train/box_loss,train/seg_loss,train/cls_loss,train/dfl_loss,metrics/precision(B),metrics/recall(B),metrics/mAP50(B),metrics/mAP50-95(B),metrics/precision(M),metrics/recall(M),metrics/mAP50(M),metrics/mAP50-95(M),val/box_loss,val/seg_loss,val/cls_loss,val/dfl_loss,lr/pg0,lr/pg1,lr/pg2
1,10.8021,0.49466,1.44405,1.9456,1.03802,0.87616,0.69874,0.85542,0.53094,0.87306,0.69627,0.84347,0.5795,0.83849,2.23743,2.76992,1.39487,0.00058,0.00058,0.00058
2,20.4978,0.59538,1.16023,1.01333,1.08803,0.08753,0.0963,0.04119,0.01351,0.11281,0.02222,0.01906,0.00513,1.96355,15.0709,3.43704,2.78308,0.00117416,0.00117416,0.00117416
3,30.14,0.71581,1.37077,0.96934,1.17076,0.2719,0.32099,0.27462,0.12079,0.35191,0.28395,0.25385,0.12014,1.57685,6.11294,2.49917,3.20981,0.00176238,0.00176238,0.00176238
4,39.5487,0.76013,1.50086,0.87587,1.19327,0.02612,0.05679,0.01133,0.00265,4e-05,0.00247,2e-05,0,3.30586,41.5466,3.83617,11.1119,0.0019703,0.0019703,0.0019703
5,49.0071,0.78084,1.446,0.8144,1.2133,0.23857,0.37037,0.20671,0.06833,0.19453,0.25432,0.14358,0.05544,2.35627,11.545,3.38391,4.90723,0.0019604,0.0019604,0.0019604
6,58.4901,0.71596,1.3897,0.72752,1.17266,0.44126,0.55802,0.38882,0.1605,0.30068,0.38025,0.21688,0.07452,1.89947,20.793,2.69281,3.1019,0.0019505,0.0019505,0.0019505
7,67.9402,0.69096,1.35073,0.67868,1.15689,0.76846,0.82716,0.84757,0.5546,0.74103,0.80247,0.81483,0.48601,1.11824,2.55753,1.57185,1.78675,0.0019406,0.0019406,0.0019406
8,77.4041,0.70532,1.36117,0.67651,1.1631,0.78894,0.87407,0.89021,0.58999,0.80752,0.86173,0.87801,0.55868,1.06691,2.02613,1.14905,1.72949,0.0019307,0.0019307,0.0019307
9,86.8588,0.66798,1.2824,0.62251,1.13639,0.77785,0.80494,0.80813,0.51388,0.72669,0.75802,0.7275,0.38932,1.17417,3.28763,1.24768,1.9818,0.0019208,0.0019208,0.0019208
10,96.3596,0.63158,1.24029,0.59132,1.11546,0.72927,0.81145,0.82477,0.54123,0.7566,0.79056,0.80672,0.49689,1.10981,2.35021,2.56177,1.78615,0.0019109,0.0019109,0.0019109
11,105.794,0.61998,1.21987,0.57856,1.10406,0.49385,0.51111,0.50744,0.24281,0.33248,0.38765,0.28725,0.11112,1.5974,7.3666,2.5932,2.40761,0.001901,0.001901,0.001901
12,115.245,0.61708,1.19517,0.57096,1.10381,0.72345,0.89136,0.86513,0.62914,0.74398,0.8969,0.87805,0.62831,0.99889,1.46909,1.20441,1.55104,0.0018911,0.0018911,0.0018911
13,124.72,0.60249,1.16498,0.5499,1.09455,0.89234,0.92097,0.95196,0.7249,0.89108,0.91358,0.94595,0.6776,0.76145,1.44345,0.72892,1.3653,0.0018812,0.0018812,0.0018812
14,134.217,0.60506,1.13642,0.54914,1.10363,0.83925,0.92593,0.93844,0.67929,0.83167,0.90274,0.9111,0.61769,0.87869,1.69424,0.85092,1.43701,0.0018713,0.0018713,0.0018713
15,143.722,0.59625,1.14537,0.53544,1.09392,0.92729,0.93827,0.96709,0.74518,0.92733,0.93086,0.95164,0.70794,0.74727,1.41775,0.6213,1.34086,0.0018614,0.0018614,0.0018614
16,153.205,0.61073,1.18723,0.54125,1.10213,0.8129,0.81533,0.84206,0.59309,0.79674,0.79259,0.80683,0.51039,1.01783,1.81259,0.9094,1.61672,0.0018515,0.0018515,0.0018515
17,162.716,0.5777,1.10055,0.51244,1.07855,0.89878,0.877,0.93731,0.72369,0.89992,0.8716,0.93259,0.7041,0.81841,1.40341,0.80633,1.38273,0.0018416,0.0018416,0.0018416
18,172.178,0.56989,1.08794,0.49541,1.07306,0.92789,0.95321,0.9686,0.7649,0.92936,0.94208,0.95496,0.73249,0.71267,1.21599,0.64088,1.27184,0.0018317,0.0018317,0.0018317
19,181.648,0.55736,1.09439,0.49534,1.07461,0.9413,0.91068,0.93364,0.72119,0.92329,0.89159,0.91427,0.67781,0.71568,1.45954,0.6912,1.30896,0.0018218,0.0018218,0.0018218
20,191.137,0.54386,1.03529,0.46927,1.05548,0.92936,0.92099,0.95737,0.76038,0.89748,0.88889,0.92145,0.69848,0.71713,1.64444,0.61271,1.33941,0.0018119,0.0018119,0.0018119
21,200.591,0.54269,1.06561,0.47379,1.0618,0.9335,0.94074,0.95517,0.7774,0.92518,0.91591,0.9392,0.71992,0.64581,1.2555,0.58617,1.20134,0.001802,0.001802,0.001802
22,210.049,0.51808,1.03569,0.47822,1.04663,0.95513,0.94608,0.98554,0.83951,0.94766,0.93888,0.97613,0.78429,0.58005,1.11334,0.44973,1.14583,0.0017921,0.0017921,0.0017921
23,219.55,0.50436,0.96331,0.45745,1.03904,0.92367,0.92346,0.96167,0.77353,0.90932,0.90123,0.92505,0.69884,0.68535,1.41697,0.57574,1.2782,0.0017822,0.0017822,0.0017822
24,229.036,0.51443,0.97748,0.45228,1.03499,0.95625,0.94568,0.98721,0.83622,0.95759,0.9358,0.97397,0.80559,0.53577,1.04684,0.49651,1.09261,0.0017723,0.0017723,0.0017723
25,238.515,0.51946,1.0033,0.47216,1.04512,0.93593,0.91852,0.95869,0.76473,0.9309,0.91358,0.95412,0.74231,0.73219,1.26103,0.6271,1.33179,0.0017624,0.0017624,0.0017624
26,247.998,0.50027,1.01006,0.43985,1.03804,0.95761,0.93333,0.97796,0.80844,0.94898,0.91847,0.95826,0.7543,0.67661,1.35723,0.5088,1.23878,0.0017525,0.0017525,0.0017525
27,257.485,0.5204,1.01617,0.44796,1.04051,0.91153,0.865,0.91843,0.72056,0.88746,0.81781,0.86781,0.65686,0.72299,1.69544,0.90943,1.32867,0.0017426,0.0017426,0.0017426
28,266.957,0.49546,0.96026,0.43041,1.02598,0.94104,0.95309,0.9813,0.82002,0.95374,0.91605,0.9662,0.78514,0.60821,1.18542,0.47876,1.17814,0.0017327,0.0017327,0.0017327
29,276.47,0.51123,0.98447,0.44428,1.0383,0.94839,0.95274,0.98289,0.83988,0.94112,0.94726,0.96508,0.76339,0.57825,1.2544,0.45855,1.14139,0.0017228,0.0017228,0.0017228
30,285.948,0.50678,0.95309,0.41874,1.03511,0.96069,0.96541,0.98898,0.83625,0.95953,0.93662,0.97637,0.8024,0.57062,1.03291,0.43804,1.13344,0.0017129,0.0017129,0.0017129
31,295.443,0.48201,0.94434,0.4228,1.02308,0.92546,0.95036,0.98112,0.83452,0.91945,0.94815,0.97007,0.79492,0.59964,1.17271,0.46106,1.15008,0.001703,0.001703,0.001703
32,304.921,0.47711,0.9411,0.41863,1.0185,0.93137,0.87654,0.95671,0.76929,0.93507,0.86914,0.94805,0.75457,0.65573,1.03818,0.69144,1.22478,0.0016931,0.0016931,0.0016931
33,314.408,0.47679,0.91277,0.42063,1.01639,0.9469,0.94321,0.97009,0.80341,0.94574,0.93086,0.96142,0.7592,0.59253,1.17264,0.51883,1.14182,0.0016832,0.0016832,0.0016832
34,323.868,0.48954,0.92712,0.42651,1.02845,0.94546,0.94167,0.97777,0.82944,0.93798,0.93355,0.97229,0.79845,0.58479,1.04534,0.48544,1.13971,0.0016733,0.0016733,0.0016733
35,333.356,0.47793,0.92037,0.40879,1.02154,0.90666,0.91605,0.97091,0.79134,0.91117,0.88649,0.9496,0.72113,0.59298,1.43329,0.53507,1.15189,0.0016634,0.0016634,0.0016634
36,342.841,0.47004,0.93611,0.4074,1.01709,0.96401,0.92593,0.98306,0.84925,0.94875,0.94568,0.97512,0.81217,0.5384,0.96603,0.4558,1.07929,0.0016535,0.0016535,0.0016535
37,352.328,0.49441,0.93723,0.42109,1.02622,0.9384,0.93086,0.96409,0.8196,0.91645,0.90864,0.93865,0.77269,0.55684,1.27623,0.45782,1.15362,0.0016436,0.0016436,0.0016436
38,361.813,0.47689,0.91767,0.4162,1.0254,0.97421,0.93286,0.98727,0.82842,0.9609,0.91605,0.96133,0.75239,0.55562,1.20686,0.46015,1.1534,0.0016337,0.0016337,0.0016337
39,371.292,0.48612,0.96583,0.42176,1.02242,0.93737,0.95802,0.97308,0.79642,0.9164,0.94074,0.95244,0.74722,0.63413,1.1432,0.60876,1.21182,0.0016238,0.0016238,0.0016238
40,380.798,0.47163,0.92215,0.41301,1.01674,0.95683,0.93029,0.97198,0.8202,0.95175,0.92535,0.96051,0.76302,0.58383,1.19902,0.50985,1.18246,0.0016139,0.0016139,0.0016139
41,390.287,0.45708,0.89487,0.39425,1.00462,0.95074,0.95313,0.97629,0.8053,0.9455,0.94321,0.96313,0.77151,0.57295,0.9367,0.49566,1.11355,0.001604,0.001604,0.001604
42,399.762,0.4647,0.90048,0.40844,1.00892,0.76206,0.87654,0.91431,0.76547,0.78511,0.83951,0.90039,0.72431,0.52506,1.10129,0.63047,1.12443,0.0015941,0.0015941,0.0015941
43,409.266,0.45473,0.88048,0.39873,1.0058,0.97248,0.9599,0.98312,0.85453,0.9549,0.94112,0.96767,0.81827,0.5259,1.12291,0.39965,1.08148,0.0015842,0.0015842,0.0015842
44,418.747,0.44639,0.84139,0.38178,1.00391,0.95773,0.95095,0.98014,0.84105,0.94167,0.95667,0.96581,0.80113,0.5072,0.88026,0.41864,1.07696,0.0015743,0.0015743,0.0015743
45,428.207,0.45456,0.88166,0.38365,0.99933,0.97638,0.91842,0.97297,0.82682,0.97546,0.92099,0.97317,0.79,0.56943,1.1077,0.45726,1.13393,0.0015644,0.0015644,0.0015644
46,437.679,0.46219,0.87673,0.3906,1.01137,0.95766,0.94951,0.98702,0.84104,0.95629,0.94815,0.9793,0.8227,0.55968,1.01436,0.43566,1.13842,0.0015545,0.0015545,0.0015545
47,447.154,0.43153,0.82236,0.3679,0.99034,0.97964,0.95044,0.99035,0.88058,0.97546,0.94815,0.98496,0.85739,0.47069,0.82951,0.37027,1.02951,0.0015446,0.0015446,0.0015446
48,456.659,0.44304,0.85527,0.38776,0.99431,0.9589,0.92165,0.97265,0.83263,0.95119,0.91424,0.96618,0.78661,0.55376,1.07509,0.53013,1.12508,0.0015347,0.0015347,0.0015347
49,466.113,0.43356,0.83366,0.361,0.99988,0.96128,0.96049,0.98586,0.83336,0.95634,0.95556,0.97535,0.78841,0.54231,1.12431,0.39965,1.12541,0.0015248,0.0015248,0.0015248
50,475.581,0.4351,0.81984,0.36456,0.99797,0.96322,0.97037,0.99183,0.883,0.95076,0.95355,0.97254,0.81478,0.46483,1.11288,0.36217,1.03189,0.0015149,0.0015149,0.0015149
51,485.064,0.41891,0.81913,0.366,0.99205,0.95773,0.9679,0.98759,0.86333,0.95528,0.96543,0.97954,0.83641,0.49266,0.95198,0.37208,1.07627,0.001505,0.001505,0.001505
52,494.565,0.43639,0.83128,0.3803,0.99396,0.95213,0.93302,0.97864,0.82822,0.93946,0.9196,0.97024,0.78146,0.55413,1.18735,0.48894,1.1382,0.0014951,0.0014951,0.0014951
53,504.044,0.42647,0.79772,0.3566,0.98777,0.94858,0.95062,0.97721,0.84202,0.93212,0.93333,0.94981,0.80472,0.54836,1.01452,0.43521,1.13785,0.0014852,0.0014852,0.0014852
54,513.517,0.4225,0.82123,0.36898,0.98233,0.96263,0.96296,0.98646,0.86903,0.9426,0.9325,0.9608,0.79139,0.51077,1.08113,0.42075,1.07641,0.0014753,0.0014753,0.0014753
55,523,0.4133,0.81077,0.35675,0.97662,0.9596,0.95802,0.98699,0.85449,0.95124,0.95062,0.97818,0.79776,0.51048,1.11738,0.38649,1.10885,0.0014654,0.0014654,0.0014654
56,532.472,0.41508,0.80352,0.3586,0.97498,0.94203,0.94074,0.98204,0.83866,0.92947,0.9284,0.95683,0.80792,0.59801,1.14925,0.45638,1.14889,0.0014555,0.0014555,0.0014555
57,541.951,0.42543,0.79941,0.37036,0.97654,0.96012,0.95112,0.97614,0.85793,0.95268,0.94321,0.96568,0.82405,0.50477,0.8605,0.39808,1.07714,0.0014456,0.0014456,0.0014456
58,551.426,0.40944,0.76582,0.3483,0.97186,0.97691,0.9679,0.99107,0.87933,0.96195,0.95309,0.97605,0.83554,0.46095,1.02001,0.35996,1.042,0.0014357,0.0014357,0.0014357
59,560.905,0.41286,0.77616,0.35541,0.97909,0.95752,0.96049,0.98877,0.87371,0.95195,0.94815,0.9754,0.82187,0.50819,1.03545,0.40189,1.11227,0.0014258,0.0014258,0.0014258
60,570.344,0.41362,0.79581,0.35209,0.98699,0.97871,0.96296,0.99044,0.89688,0.95606,0.96694,0.98251,0.86809,0.41609,0.73707,0.31275,0.98325,0.0014159,0.0014159,0.0014159
61,579.838,0.40863,0.75603,0.34016,0.96906,0.95061,0.97037,0.98828,0.86421,0.94577,0.96543,0.98263,0.8332,0.49549,0.90479,0.45624,1.06543,0.001406,0.001406,0.001406
62,589.306,0.39867,0.76904,0.3446,0.9715,0.97237,0.95575,0.9786,0.87135,0.97488,0.95822,0.97369,0.81976,0.4643,0.93111,0.35299,1.03097,0.0013961,0.0013961,0.0013961
63,598.751,0.40031,0.77753,0.34391,0.97435,0.97208,0.94578,0.98184,0.86376,0.96701,0.94096,0.97162,0.82024,0.51643,0.97009,0.37216,1.09484,0.0013862,0.0013862,0.0013862
64,608.234,0.41098,0.76753,0.34995,0.98087,0.93545,0.93031,0.96192,0.80082,0.92881,0.92346,0.9522,0.74701,0.59233,1.27782,0.48491,1.18052,0.0013763,0.0013763,0.0013763
65,617.695,0.39735,0.7362,0.33858,0.97002,0.96997,0.9679,0.98859,0.89898,0.97739,0.93333,0.96825,0.81216,0.4474,1.07385,0.358,1.0242,0.0013664,0.0013664,0.0013664
66,627.184,0.39174,0.75771,0.33311,0.96712,0.95418,0.97692,0.98685,0.88204,0.95177,0.97445,0.98492,0.84473,0.44038,0.85169,0.35088,1.0135,0.0013565,0.0013565,0.0013565
67,636.634,0.39851,0.7292,0.33524,0.96308,0.96212,0.96296,0.98875,0.90312,0.96212,0.96296,0.98304,0.86189,0.41349,0.8187,0.34289,0.98352,0.0013466,0.0013466,0.0013466
68,646.118,0.39749,0.7396,0.34096,0.9658,0.98213,0.94972,0.9907,0.90468,0.96929,0.93506,0.98281,0.85626,0.44045,0.92871,0.37103,1.01073,0.0013367,0.0013367,0.0013367
69,655.604,0.39203,0.73522,0.33184,0.96773,0.96593,0.97037,0.98924,0.89397,0.95359,0.96402,0.97642,0.84824,0.40187,0.87912,0.32871,0.98675,0.0013268,0.0013268,0.0013268
70,665.086,0.39257,0.7672,0.33952,0.96709,0.95847,0.95802,0.98124,0.86925,0.95889,0.96049,0.97457,0.81418,0.46638,0.97566,0.36603,1.04334,0.0013169,0.0013169,0.0013169
71,674.553,0.38358,0.76418,0.33363,0.96753,0.94955,0.97584,0.98927,0.8951,0.95394,0.95309,0.98345,0.85077,0.42252,0.91168,0.35426,0.99628,0.001307,0.001307,0.001307
72,684.014,0.38819,0.76383,0.33366,0.96692,0.9723,0.9679,0.98958,0.90673,0.96486,0.96049,0.98444,0.85997,0.40707,0.84008,0.32415,0.97164,0.0012971,0.0012971,0.0012971
73,693.488,0.38531,0.73433,0.32111,0.96577,0.97275,0.96945,0.99207,0.90371,0.96628,0.96049,0.98679,0.86087,0.3971,0.84582,0.30753,0.95928,0.0012872,0.0012872,0.0012872
74,702.959,0.38843,0.76445,0.32228,0.96725,0.98257,0.97435,0.99365,0.91473,0.98008,0.97188,0.99341,0.88183,0.38045,0.73892,0.30236,0.95006,0.0012773,0.0012773,0.0012773
75,712.408,0.38681,0.75003,0.31285,0.95933,0.96198,0.97778,0.99187,0.89069,0.97877,0.95556,0.98197,0.8478,0.44716,0.86281,0.34444,1.01542,0.0012674,0.0012674,0.0012674
76,721.9,0.38949,0.70542,0.32801,0.96345,0.968,0.97097,0.99057,0.89937,0.96931,0.96543,0.98894,0.87045,0.40827,0.74304,0.33318,1.00035,0.0012575,0.0012575,0.0012575
77,731.358,0.38398,0.72336,0.31791,0.96288,0.96119,0.98272,0.99239,0.89966,0.97501,0.96325,0.99153,0.8502,0.43662,0.83458,0.33734,1.01863,0.0012476,0.0012476,0.0012476
78,740.825,0.38116,0.70411,0.32142,0.96104,0.9512,0.96251,0.98399,0.88573,0.96097,0.94568,0.98166,0.85129,0.45015,0.83784,0.36654,1.04601,0.0012377,0.0012377,0.0012377
79,750.326,0.37824,0.7214,0.3231,0.96259,0.97207,0.94513,0.98845,0.89018,0.94487,0.97336,0.98848,0.8639,0.44,0.79195,0.32251,1.00771,0.0012278,0.0012278,0.0012278
80,759.779,0.38139,0.72087,0.32831,0.96125,0.98152,0.97037,0.99346,0.90273,0.97153,0.96049,0.9874,0.86091,0.41267,0.78624,0.30823,0.98199,0.0012179,0.0012179,0.0012179
81,769.259,0.38043,0.71011,0.31987,0.95655,0.97215,0.95556,0.99116,0.88479,0.96964,0.95309,0.99004,0.85471,0.46214,0.76487,0.36248,1.02984,0.001208,0.001208,0.001208
82,778.735,0.3774,0.70318,0.31436,0.95434,0.98077,0.9679,0.99114,0.91688,0.97925,0.96296,0.98246,0.87501,0.41728,0.75856,0.33559,0.96944,0.0011981,0.0011981,0.0011981
83,788.218,0.38603,0.69561,0.31429,0.96418,0.97042,0.97199,0.99237,0.901,0.98677,0.95556,0.98408,0.86585,0.4507,0.83601,0.31154,1.02761,0.0011882,0.0011882,0.0011882
84,797.71,0.36601,0.67936,0.30303,0.94913,0.97447,0.97037,0.98855,0.89298,0.97268,0.96688,0.98461,0.85482,0.41183,0.81446,0.3136,0.97985,0.0011783,0.0011783,0.0011783
85,807.19,0.36202,0.68114,0.31784,0.94698,0.97273,0.9688,0.98591,0.90259,0.96034,0.95649,0.96698,0.85356,0.42709,0.87199,0.32847,1.00888,0.0011684,0.0011684,0.0011684
86,816.675,0.36497,0.71403,0.31302,0.95094,0.98461,0.97037,0.99291,0.91376,0.97695,0.96296,0.98565,0.87185,0.39337,0.81162,0.29494,0.97021,0.0011585,0.0011585,0.0011585
87,826.161,0.3581,0.68629,0.29932,0.95045,0.97459,0.98272,0.99013,0.90211,0.96966,0.97778,0.98308,0.86671,0.4238,0.78978,0.34072,1.00315,0.0011486,0.0011486,0.0011486
88,835.617,0.35519,0.69353,0.29759,0.94964,0.9825,0.97032,0.99324,0.91101,0.98758,0.98025,0.99403,0.87292,0.36937,0.70727,0.3068,0.94203,0.0011387,0.0011387,0.0011387
89,845.079,0.34728,0.65926,0.29979,0.94071,0.98608,0.97284,0.989,0.88557,0.97744,0.95802,0.97651,0.84847,0.46208,0.93867,0.32328,1.04595,0.0011288,0.0011288,0.0011288
90,854.563,0.35227,0.65684,0.30172,0.94419,0.98522,0.97778,0.99418,0.91092,0.97776,0.97037,0.99099,0.87552,0.38408,0.76396,0.27205,0.95315,0.0011189,0.0011189,0.0011189
91,864.03,0.36383,0.71304,0.30988,0.954,0.97498,0.96209,0.99049,0.90133,0.96747,0.95468,0.98701,0.86676,0.44417,0.77097,0.33178,1.01403,0.001109,0.001109,0.001109
92,873.462,0.36009,0.70778,0.31728,0.95124,0.98246,0.96821,0.98581,0.8996,0.97745,0.96334,0.98293,0.86137,0.42405,0.90118,0.31214,0.99594,0.0010991,0.0010991,0.0010991
93,882.906,0.35749,0.66813,0.2994,0.95614,0.98495,0.98025,0.9917,0.90554,0.97751,0.97284,0.98783,0.86244,0.40243,0.81554,0.30481,0.99514,0.0010892,0.0010892,0.0010892
94,892.366,0.35603,0.67388,0.29767,0.94888,0.96603,0.96543,0.98904,0.91256,0.95847,0.96877,0.98449,0.8862,0.38791,0.68339,0.30504,0.95939,0.0010793,0.0010793,0.0010793
95,901.838,0.35154,0.63451,0.29797,0.94347,0.97982,0.97531,0.99276,0.91647,0.98254,0.97778,0.99355,0.88246,0.3719,0.74655,0.28167,0.95903,0.0010694,0.0010694,0.0010694
96,911.32,0.34597,0.66143,0.28853,0.93401,0.96577,0.98765,0.99333,0.91819,0.96336,0.98519,0.993,0.87381,0.37588,0.73047,0.27817,0.95317,0.0010595,0.0010595,0.0010595
97,920.802,0.35114,0.66147,0.29583,0.94833,0.96804,0.97232,0.99077,0.91621,0.97506,0.96516,0.98406,0.88292,0.38223,0.69609,0.29521,0.94538,0.0010496,0.0010496,0.0010496
98,930.298,0.34958,0.64571,0.29761,0.9405,0.986,0.98025,0.99428,0.91116,0.97602,0.97037,0.98678,0.87171,0.40329,0.78599,0.28682,0.98468,0.0010397,0.0010397,0.0010397
99,939.765,0.34587,0.6471,0.28267,0.93923,0.97426,0.98519,0.99336,0.92836,0.97426,0.98519,0.99288,0.88822,0.36048,0.72987,0.26815,0.93916,0.0010298,0.0010298,0.0010298
100,949.253,0.35246,0.63711,0.28611,0.94238,0.96834,0.98186,0.99203,0.91584,0.97071,0.98205,0.99195,0.88662,0.38749,0.75275,0.29337,0.95836,0.0010199,0.0010199,0.0010199
101,958.719,0.35085,0.65273,0.28618,0.94305,0.99134,0.97037,0.99371,0.92634,0.99245,0.9732,0.99316,0.88863,0.35512,0.69428,0.26411,0.92442,0.00101,0.00101,0.00101
102,968.181,0.33627,0.64787,0.28082,0.93998,0.97631,0.96543,0.99279,0.91957,0.97288,0.97439,0.99176,0.87995,0.36915,0.7542,0.27817,0.95562,0.0010001,0.0010001,0.0010001
103,977.648,0.34302,0.63852,0.28932,0.93731,0.98012,0.97403,0.99352,0.9258,0.9784,0.97037,0.99316,0.89748,0.34149,0.68075,0.25496,0.93083,0.0009902,0.0009902,0.0009902
104,987.118,0.3378,0.63754,0.2838,0.93159,0.97548,0.98272,0.99312,0.92871,0.97777,0.97755,0.99357,0.90283,0.35975,0.68583,0.27689,0.94437,0.0009803,0.0009803,0.0009803
105,996.578,0.33983,0.60728,0.28482,0.93805,0.97827,0.97778,0.99138,0.90136,0.98027,0.98156,0.99244,0.87607,0.38225,0.70144,0.277,0.9564,0.0009704,0.0009704,0.0009704
106,1006.08,0.34513,0.64892,0.29344,0.94143,0.97287,0.97408,0.99172,0.92391,0.96794,0.96914,0.98623,0.88816,0.34388,0.68397,0.27935,0.93065,0.0009605,0.0009605,0.0009605
107,1015.54,0.33403,0.63618,0.28075,0.93386,0.9784,0.97778,0.99209,0.9198,0.98176,0.98025,0.9931,0.89965,0.37096,0.6668,0.26325,0.96817,0.0009506,0.0009506,0.0009506
108,1025,0.34579,0.62904,0.29166,0.93912,0.97965,0.95112,0.98744,0.92007,0.97224,0.95141,0.98109,0.8899,0.38275,0.72076,0.29244,0.95156,0.0009407,0.0009407,0.0009407
109,1034.46,0.33517,0.60472,0.27958,0.93294,0.98558,0.97531,0.99316,0.92945,0.98059,0.97037,0.99262,0.89427,0.33964,0.66801,0.25963,0.93009,0.0009308,0.0009308,0.0009308
110,1044.14,0.33279,0.65141,0.28195,0.93768,0.9731,0.98239,0.99143,0.91403,0.97065,0.97992,0.98974,0.8786,0.37245,0.69832,0.28407,0.94681,0.0009209,0.0009209,0.0009209
111,1053.88,0.33315,0.62295,0.27336,0.93601,0.98509,0.97854,0.99264,0.91493,0.9826,0.97607,0.99155,0.88008,0.36975,0.69073,0.27338,0.95026,0.000911,0.000911,0.000911
112,1063.49,0.3408,0.63717,0.28425,0.94255,0.98024,0.97993,0.99274,0.91767,0.97778,0.97771,0.99359,0.87955,0.37071,0.69562,0.28707,0.95653,0.0009011,0.0009011,0.0009011
113,1073.13,0.32764,0.60532,0.2701,0.93142,0.9818,0.97531,0.99182,0.9204,0.97435,0.9679,0.98437,0.88016,0.39486,0.75231,0.28505,0.97374,0.0008912,0.0008912,0.0008912
114,1082.73,0.33517,0.61518,0.28121,0.93397,0.98951,0.98272,0.99423,0.93754,0.97751,0.98272,0.98592,0.89875,0.32346,0.69553,0.23772,0.90074,0.0008813,0.0008813,0.0008813
115,1092.3,0.32569,0.61239,0.26571,0.9336,0.98732,0.96093,0.99202,0.92156,0.98985,0.96339,0.99238,0.87976,0.35907,0.76784,0.27702,0.93765,0.0008714,0.0008714,0.0008714
116,1101.92,0.32989,0.62098,0.27459,0.93365,0.98497,0.97105,0.99395,0.92932,0.98247,0.96858,0.99151,0.89702,0.35309,0.6901,0.25203,0.94357,0.0008615,0.0008615,0.0008615
117,1111.51,0.32622,0.59983,0.27473,0.92995,0.97274,0.96903,0.99175,0.92789,0.97521,0.9715,0.99275,0.88517,0.3559,0.72911,0.26587,0.94945,0.0008516,0.0008516,0.0008516
118,1121.01,0.32213,0.5964,0.26827,0.93053,0.99193,0.98519,0.99463,0.92665,0.98512,0.98083,0.99416,0.89012,0.34759,0.72455,0.24927,0.92555,0.0008417,0.0008417,0.0008417
119,1130.53,0.32345,0.60548,0.26341,0.92504,0.98559,0.98272,0.99419,0.92956,0.98559,0.98272,0.99419,0.89837,0.33511,0.69805,0.24446,0.93475,0.0008318,0.0008318,0.0008318
120,1140.04,0.33345,0.59632,0.27675,0.93766,0.98892,0.98519,0.9944,0.92739,0.98149,0.97778,0.98846,0.88933,0.35028,0.77226,0.24362,0.9406,0.0008219,0.0008219,0.0008219
121,1149.6,0.31788,0.59137,0.26533,0.92236,0.98024,0.97998,0.99358,0.92751,0.97777,0.97751,0.99045,0.88348,0.34804,0.72569,0.27154,0.92592,0.000812,0.000812,0.000812
122,1159.26,0.32003,0.57678,0.26175,0.92438,0.98735,0.99012,0.99442,0.92512,0.97747,0.98025,0.99342,0.89283,0.34809,0.72914,0.25268,0.9487,0.0008021,0.0008021,0.0008021
123,1168.76,0.31997,0.58963,0.26295,0.92226,0.995,0.98226,0.99443,0.94055,0.995,0.98226,0.99443,0.90216,0.32477,0.65791,0.25627,0.89914,0.0007922,0.0007922,0.0007922
124,1178.29,0.32555,0.59742,0.28087,0.93413,0.98283,0.98943,0.99439,0.93442,0.98687,0.98025,0.99342,0.89958,0.3318,0.63561,0.26242,0.90619,0.0007823,0.0007823,0.0007823
125,1187.78,0.31386,0.571,0.26236,0.92487,0.98602,0.97284,0.9939,0.92844,0.98073,0.98025,0.994,0.8999,0.36952,0.64174,0.26198,0.97323,0.0007724,0.0007724,0.0007724
126,1197.31,0.31334,0.58274,0.25335,0.92654,0.98651,0.97778,0.99406,0.93023,0.98339,0.97531,0.99364,0.89222,0.3602,0.64922,0.265,0.94351,0.0007625,0.0007625,0.0007625
127,1206.86,0.32181,0.57876,0.26053,0.92369,0.9859,0.98519,0.99448,0.9266,0.98039,0.98751,0.99399,0.88311,0.33513,0.70523,0.24458,0.92775,0.0007526,0.0007526,0.0007526
128,1216.4,0.31414,0.57577,0.2579,0.92224,0.99747,0.97487,0.99443,0.93605,0.98464,0.98765,0.9944,0.90628,0.33827,0.62601,0.23728,0.91686,0.0007427,0.0007427,0.0007427
129,1226.04,0.31949,0.59088,0.26019,0.92597,0.97999,0.98025,0.9929,0.92076,0.97505,0.97531,0.98823,0.89003,0.35527,0.7053,0.25258,0.95548,0.0007328,0.0007328,0.0007328
130,1235.66,0.31017,0.58312,0.25562,0.92159,0.98385,0.97284,0.99355,0.92584,0.98634,0.97531,0.99288,0.89054,0.33415,0.67801,0.24909,0.91977,0.0007229,0.0007229,0.0007229
131,1245.15,0.31313,0.58443,0.2573,0.92213,0.98027,0.97037,0.99114,0.91812,0.97528,0.96543,0.98167,0.88242,0.34136,0.71596,0.24228,0.92746,0.000713,0.000713,0.000713
132,1254.71,0.31378,0.59526,0.25678,0.9224,0.98792,0.98025,0.99409,0.93835,0.99041,0.98272,0.99424,0.90494,0.31677,0.62742,0.22824,0.89728,0.0007031,0.0007031,0.0007031
133,1264.26,0.30595,0.57401,0.25505,0.91951,0.98751,0.97617,0.99453,0.93658,0.98501,0.9737,0.99398,0.89546,0.33382,0.65283,0.2404,0.9172,0.0006932,0.0006932,0.0006932
134,1273.81,0.31043,0.57202,0.25457,0.92471,0.99001,0.97834,0.99435,0.94945,0.98525,0.98272,0.99414,0.90673,0.30047,0.64148,0.22742,0.88798,0.0006833,0.0006833,0.0006833
135,1283.33,0.31197,0.56019,0.24981,0.92064,0.98261,0.98765,0.9945,0.95415,0.97793,0.98445,0.99095,0.90576,0.29502,0.63502,0.21956,0.87594,0.0006734,0.0006734,0.0006734
136,1292.85,0.30593,0.5564,0.2553,0.91774,0.97074,0.98314,0.99388,0.94009,0.98472,0.95502,0.98682,0.89673,0.31421,0.71555,0.22868,0.89212,0.0006635,0.0006635,0.0006635
137,1302.36,0.29896,0.55172,0.24916,0.91543,0.99004,0.98175,0.99027,0.93263,0.98506,0.97681,0.98301,0.88937,0.32014,0.71343,0.23257,0.89831,0.0006536,0.0006536,0.0006536
138,1311.9,0.30005,0.55683,0.24464,0.92082,0.98917,0.97037,0.99365,0.93055,0.98162,0.96296,0.98486,0.88757,0.33265,0.64844,0.25287,0.91777,0.0006437,0.0006437,0.0006437
139,1321.45,0.29911,0.56816,0.23887,0.91724,0.99502,0.98587,0.99488,0.9406,0.98754,0.97846,0.99424,0.90658,0.30495,0.63708,0.22229,0.88652,0.0006338,0.0006338,0.0006338
140,1330.99,0.30678,0.59914,0.24989,0.92073,0.99439,0.98025,0.99473,0.94022,0.97337,0.98519,0.99284,0.90246,0.3138,0.62957,0.22266,0.8989,0.0006239,0.0006239,0.0006239
141,1340.5,0.30043,0.55033,0.24651,0.91641,0.99676,0.98025,0.99475,0.94733,0.99425,0.97778,0.99383,0.90801,0.29697,0.63398,0.20897,0.88593,0.000614,0.000614,0.000614
142,1349.99,0.29024,0.54289,0.23672,0.90955,0.99042,0.97284,0.99394,0.94266,0.9879,0.97037,0.99318,0.91103,0.31227,0.63752,0.22697,0.89903,0.0006041,0.0006041,0.0006041
143,1359.47,0.30477,0.5545,0.24934,0.9169,0.99496,0.97403,0.99452,0.94797,0.98029,0.98219,0.99381,0.91197,0.30125,0.65977,0.21531,0.88072,0.0005942,0.0005942,0.0005942
144,1368.97,0.29554,0.55087,0.24028,0.91219,0.98912,0.98519,0.99458,0.93977,0.98657,0.98272,0.99448,0.90944,0.31738,0.65952,0.22631,0.90775,0.0005843,0.0005843,0.0005843
145,1378.54,0.30366,0.54032,0.24558,0.92066,0.98525,0.9899,0.99473,0.94938,0.98269,0.99506,0.99473,0.91775,0.29635,0.62715,0.21826,0.88761,0.0005744,0.0005744,0.0005744
146,1388.08,0.29827,0.55975,0.24297,0.917,0.98957,0.98025,0.99448,0.94844,0.98957,0.98025,0.9943,0.91161,0.29664,0.6413,0.22025,0.89117,0.0005645,0.0005645,0.0005645
147,1397.61,0.29342,0.53616,0.23598,0.90922,0.98753,0.97755,0.99434,0.94347,0.98503,0.97508,0.99402,0.90324,0.31829,0.69106,0.23082,0.89859,0.0005546,0.0005546,0.0005546
148,1407.13,0.29313,0.54545,0.23441,0.91137,0.98517,0.98442,0.9944,0.9463,0.98211,0.98272,0.99436,0.9118,0.30359,0.62792,0.2151,0.8921,0.0005447,0.0005447,0.0005447
149,1416.68,0.29095,0.54269,0.23702,0.91156,0.98518,0.98454,0.99435,0.94576,0.98522,0.98743,0.99438,0.91124,0.31642,0.61134,0.22053,0.89239,0.0005348,0.0005348,0.0005348
150,1426.2,0.29591,0.55096,0.2444,0.91418,0.98729,0.98765,0.99461,0.95029,0.98729,0.98765,0.99461,0.91425,0.29976,0.62886,0.21083,0.88685,0.0005249,0.0005249,0.0005249
151,1435.71,0.3019,0.54715,0.23856,0.91781,0.99501,0.98425,0.99473,0.94267,0.99002,0.97931,0.99432,0.90131,0.29694,0.64347,0.21012,0.90051,0.000515,0.000515,0.000515
152,1445.28,0.28916,0.5251,0.22912,0.90603,0.99506,0.99466,0.99498,0.94887,0.99259,0.99219,0.99495,0.91489,0.30523,0.60565,0.2132,0.89773,0.0005051,0.0005051,0.0005051
153,1454.83,0.28767,0.54876,0.23134,0.90756,0.99102,0.98765,0.99468,0.95005,0.98359,0.98025,0.98706,0.909,0.30688,0.68609,0.21938,0.88768,0.0004952,0.0004952,0.0004952
154,1464.39,0.28576,0.53605,0.23144,0.90598,0.99014,0.99176,0.99309,0.94984,0.98521,0.98683,0.9925,0.90927,0.29476,0.64602,0.21648,0.87465,0.0004853,0.0004853,0.0004853
155,1473.97,0.29553,0.53905,0.23359,0.9167,0.9851,0.98519,0.99407,0.94737,0.98158,0.98272,0.99364,0.90781,0.30111,0.65303,0.21185,0.88212,0.0004754,0.0004754,0.0004754
156,1483.56,0.29023,0.52023,0.23483,0.91601,0.97309,0.98225,0.99355,0.94574,0.97309,0.98225,0.9919,0.91016,0.30418,0.64465,0.23095,0.89573,0.0004655,0.0004655,0.0004655
157,1493.13,0.28137,0.53058,0.23156,0.90048,0.99609,0.97778,0.99465,0.9451,0.99106,0.97284,0.99358,0.9145,0.30052,0.63526,0.21341,0.89224,0.0004556,0.0004556,0.0004556
158,1502.67,0.28064,0.50251,0.22607,0.90999,0.99011,0.9891,0.99473,0.94667,0.9826,0.97623,0.99433,0.91096,0.28713,0.6219,0.21282,0.88298,0.0004457,0.0004457,0.0004457
159,1512.2,0.28292,0.51174,0.22577,0.90339,0.99169,0.97531,0.99394,0.95086,0.98709,0.97037,0.99343,0.91391,0.28963,0.63121,0.21377,0.87853,0.0004358,0.0004358,0.0004358
160,1521.76,0.27215,0.52181,0.22102,0.89859,0.98998,0.97572,0.99361,0.94735,0.97793,0.98451,0.99303,0.91469,0.31069,0.62239,0.22444,0.90565,0.0004259,0.0004259,0.0004259
161,1531.28,0.27687,0.51987,0.22651,0.90608,0.98523,0.98839,0.99473,0.94999,0.99235,0.97531,0.99424,0.91629,0.30037,0.6101,0.20591,0.89597,0.000416,0.000416,0.000416
162,1540.82,0.28343,0.51417,0.22839,0.91177,0.99252,0.98223,0.99463,0.95295,0.97699,0.99259,0.99398,0.91748,0.28645,0.57962,0.20045,0.87805,0.0004061,0.0004061,0.0004061
163,1550.33,0.27783,0.524,0.22221,0.90759,0.9853,0.99294,0.9946,0.95444,0.98495,0.99259,0.99434,0.91584,0.28134,0.60631,0.20618,0.86273,0.0003962,0.0003962,0.0003962
164,1559.89,0.28039,0.52505,0.23086,0.90333,0.9959,0.98272,0.9946,0.95857,0.99235,0.97778,0.99431,0.91522,0.26895,0.64079,0.20111,0.85917,0.0003863,0.0003863,0.0003863
165,1569.42,0.27775,0.53253,0.22563,0.90323,0.99002,0.99259,0.99483,0.95118,0.98922,0.98025,0.99436,0.91091,0.28927,0.63563,0.21412,0.87882,0.0003764,0.0003764,0.0003764
166,1578.94,0.2685,0.49326,0.2156,0.89773,0.98499,0.98765,0.99438,0.95558,0.98762,0.97037,0.99426,0.91968,0.27937,0.6304,0.20362,0.87121,0.0003665,0.0003665,0.0003665
167,1588.47,0.28151,0.50358,0.22028,0.90841,0.98913,0.99012,0.99465,0.95999,0.98913,0.99012,0.99465,0.92449,0.27205,0.61873,0.20468,0.86659,0.0003566,0.0003566,0.0003566
168,1598,0.2803,0.51661,0.22434,0.91061,0.98768,0.98935,0.9946,0.95646,0.98521,0.98688,0.99417,0.92154,0.27977,0.59981,0.19547,0.86588,0.0003467,0.0003467,0.0003467
169,1607.61,0.27576,0.50093,0.21372,0.89803,0.98203,0.99506,0.99429,0.95011,0.97715,0.99012,0.9938,0.9159,0.28566,0.60322,0.20114,0.86758,0.0003368,0.0003368,0.0003368
170,1617.12,0.26859,0.50562,0.21972,0.89746,0.99786,0.98765,0.99498,0.95972,0.99038,0.98025,0.99442,0.92181,0.27565,0.61081,0.19368,0.86572,0.0003269,0.0003269,0.0003269
171,1626.64,0.26853,0.48705,0.21688,0.90253,0.98294,0.99561,0.9948,0.95527,0.98957,0.98519,0.99442,0.91651,0.27657,0.61063,0.19256,0.86305,0.000317,0.000317,0.000317
172,1636.16,0.26978,0.48516,0.21782,0.89852,0.99456,0.99753,0.995,0.95735,0.98964,0.99259,0.99475,0.92167,0.27045,0.61065,0.19564,0.85534,0.0003071,0.0003071,0.0003071
173,1645.67,0.27399,0.49478,0.21459,0.90696,0.99601,0.99506,0.99493,0.95757,0.99353,0.99259,0.9946,0.91981,0.28306,0.59902,0.19156,0.86458,0.0002972,0.0002972,0.0002972
174,1655.18,0.26511,0.49173,0.21035,0.89706,0.99265,0.99259,0.99493,0.95529,0.9885,0.99259,0.9945,0.92044,0.27792,0.5967,0.19733,0.86786,0.0002873,0.0002873,0.0002873
175,1664.7,0.27123,0.49902,0.22064,0.90002,0.9926,0.99424,0.99495,0.95568,0.99014,0.99177,0.99468,0.92294,0.27405,0.58559,0.19404,0.86037,0.0002774,0.0002774,0.0002774
176,1695.33,0.27187,0.48398,0.21089,0.90712,0.99504,0.99136,0.99465,0.95081,0.99257,0.98889,0.99416,0.91992,0.29232,0.61756,0.19722,0.88514,0.0002675,0.0002675,0.0002675
177,1704.84,0.26699,0.48505,0.21725,0.905,0.99503,0.98894,0.99475,0.95558,0.99006,0.98401,0.99391,0.92238,0.2733,0.59862,0.19239,0.86803,0.0002576,0.0002576,0.0002576
178,1714.36,0.27148,0.49617,0.21584,0.8988,0.99001,0.979,0.99397,0.95632,0.97772,0.98765,0.99336,0.92394,0.2806,0.59276,0.19704,0.86817,0.0002477,0.0002477,0.0002477
179,1723.89,0.26344,0.48289,0.2055,0.90139,0.97979,0.98519,0.99441,0.95739,0.97979,0.98519,0.99389,0.92621,0.2874,0.59535,0.20335,0.87367,0.0002378,0.0002378,0.0002378
180,1733.4,0.26355,0.48794,0.2068,0.89494,0.98198,0.98272,0.99387,0.95953,0.98198,0.98272,0.99335,0.92624,0.28087,0.58621,0.19981,0.86233,0.0002279,0.0002279,0.0002279
181,1742.93,0.26329,0.47411,0.2146,0.89976,0.98887,0.97778,0.99374,0.9582,0.98887,0.97778,0.99314,0.92179,0.28914,0.59953,0.21136,0.87611,0.000218,0.000218,0.000218
182,1752.47,0.27079,0.48792,0.21123,0.89928,0.98749,0.97468,0.99431,0.96143,0.98749,0.97468,0.99395,0.92416,0.2874,0.60087,0.20172,0.869,0.0002081,0.0002081,0.0002081
183,1761.98,0.26215,0.49386,0.20607,0.89877,0.97802,0.98889,0.99438,0.96117,0.97802,0.98889,0.9939,0.923,0.27902,0.60349,0.19986,0.86382,0.0001982,0.0001982,0.0001982
184,1771.49,0.25848,0.48654,0.20136,0.89911,0.98764,0.9864,0.99465,0.96047,0.98517,0.98393,0.99379,0.92529,0.27794,0.60199,0.18948,0.86365,0.0001883,0.0001883,0.0001883
185,1781.04,0.26216,0.49128,0.20216,0.89806,0.99467,0.98765,0.99488,0.96245,0.99218,0.98519,0.99428,0.92659,0.27459,0.5827,0.18836,0.86107,0.0001784,0.0001784,0.0001784
186,1790.6,0.26087,0.48033,0.2067,0.8979,0.98677,0.99506,0.99473,0.96377,0.9826,0.99012,0.99432,0.92794,0.26417,0.58622,0.18429,0.85144,0.0001685,0.0001685,0.0001685
187,1800.12,0.25245,0.47216,0.20431,0.89449,0.9877,0.99105,0.99429,0.96433,0.9874,0.98765,0.99392,0.92444,0.26579,0.59667,0.18389,0.85877,0.0001586,0.0001586,0.0001586
188,1809.66,0.25895,0.4771,0.20667,0.89822,0.9873,0.99753,0.99475,0.96528,0.98527,0.99082,0.99452,0.92681,0.26798,0.59579,0.18341,0.85421,0.0001487,0.0001487,0.0001487
189,1819.21,0.25769,0.46968,0.19782,0.89727,0.98225,0.99506,0.9947,0.96424,0.98706,0.98765,0.9945,0.92508,0.27372,0.61606,0.18853,0.86447,0.0001388,0.0001388,0.0001388
190,1828.74,0.25141,0.47461,0.19739,0.8939,0.98263,0.99259,0.99458,0.96468,0.98048,0.99196,0.99422,0.9231,0.2703,0.60487,0.18946,0.86235,0.0001289,0.0001289,0.0001289
191,1839.3,0.18595,0.36871,0.18335,0.86568,0.99309,0.98272,0.99438,0.95884,0.99059,0.98025,0.99404,0.91808,0.27654,0.62605,0.19154,0.86995,0.000119,0.000119,0.000119
192,1848.75,0.17251,0.34277,0.14435,0.85471,0.98388,0.98765,0.99429,0.94957,0.98142,0.98519,0.99384,0.9095,0.2894,0.65637,0.18915,0.89061,0.0001091,0.0001091,0.0001091
193,1858.16,0.17302,0.34008,0.1401,0.84887,0.98961,0.98519,0.99453,0.94827,0.98497,0.98025,0.99403,0.91133,0.29006,0.66088,0.18857,0.88291,9.92e-05,9.92e-05,9.92e-05
194,1867.59,0.1672,0.32636,0.1376,0.84404,0.98766,0.98838,0.99465,0.95148,0.99495,0.97201,0.99426,0.91315,0.28219,0.65463,0.19141,0.87311,8.93e-05,8.93e-05,8.93e-05
195,1877.01,0.16457,0.33462,0.13512,0.84098,0.99007,0.98491,0.9947,0.95748,0.98497,0.99012,0.99465,0.9156,0.27584,0.64753,0.19008,0.8676,7.94e-05,7.94e-05,7.94e-05
196,1886.44,0.16464,0.32191,0.13198,0.84432,0.99251,0.98213,0.99463,0.95741,0.98321,0.99012,0.9946,0.91751,0.27606,0.64375,0.19157,0.86832,6.95e-05,6.95e-05,6.95e-05
197,1895.86,0.16057,0.32831,0.12976,0.83755,0.98427,0.99259,0.99465,0.95735,0.98251,0.99259,0.99453,0.9206,0.27487,0.63707,0.19225,0.86668,5.96e-05,5.96e-05,5.96e-05
198,1905.29,0.1612,0.31541,0.12972,0.84511,0.98048,0.99225,0.9945,0.95629,0.97804,0.98983,0.9944,0.92148,0.27909,0.64047,0.19274,0.87503,4.97e-05,4.97e-05,4.97e-05
199,1914.71,0.15727,0.3139,0.12838,0.8389,0.98276,0.98531,0.99458,0.95845,0.9803,0.98287,0.99448,0.92251,0.27869,0.64209,0.19029,0.87439,3.98e-05,3.98e-05,3.98e-05
200,1924.11,0.16036,0.31618,0.12911,0.84452,0.98198,0.99259,0.99465,0.95899,0.97954,0.99012,0.99448,0.92344,0.27259,0.63346,0.18726,0.86687,2.99e-05,2.99e-05,2.99e-05
